{
  "Afghanistan": 0.18062111735343933,
  "Albania": 0.033297762274742126,
  "Algeria": 0.07388230413198471,
  "Angola": 0.04384050518274307,
  "Argentina": 0.039237476885318756,
  "Armenia": 0.045082882046699524,
  "Australia": 0.005732521414756775,
  "Austria": 0.10529662668704987,
  "Azerbaijan": 0.37921783328056335,
  "Bahrain": -0.00829818844795227,
  "Bangladesh": 0.15769201517105103,
  "Barbados": 0.0422525554895401,
  "Belarus": 0.18145911395549774,
  "Belgium": 0.017819717526435852,
  "Belize": 0.15793582797050476,
  "Benin": 0.129808247089386,
  "Bhutan": 0.12022020667791367,
  "Bolivia": 0.025670602917671204,
  "Bosnia and Herzegovina": 0.18529772758483887,
  "Botswana": 0.04403064399957657,
  "Brazil": 0.042188920080661774,
  "Brunei": -0.030439719557762146,
  "Bulgaria": 0.06297636032104492,
  "Burkina Faso": 0.20476333796977997,
  "Myanmar": 0.2646898925304413,
  "Burundi": 0.056372448801994324,
  "Cambodia": 0.030171304941177368,
  "Cameroon": 0.398131400346756,
  "Canada": 0.033748552203178406,
  "Central African Republic": 0.1303883045911789,
  "Chad": 0.07781589031219482,
  "Chile": 0.001058623194694519,
  "China": -0.052733778953552246,
  "Colombia": 0.1205783560872078,
  "Comoros": 0.20428839325904846,
  "Costa Rica": 0.012529946863651276,
  "Ivory Coast": 0.021121367812156677,
  "Croatia": 0.14446650445461273,
  "Cuba": -0.07475227117538452,
  "Cyprus": 0.09622576832771301,
  "Czech Republic": 0.20016810297966003,
  "Denmark": 0.12223407626152039,
  "Djibouti": 0.028208941221237183,
  "Dominican Republic": 0.0804988294839859,
  "Ecuador": 0.12717384099960327,
  "Egypt": 0.13378600776195526,
  "El Salvador": 0.054099977016448975,
  "Eritrea": 0.021469801664352417,
  "Estonia": 0.2153242826461792,
  "Eswatini": 0.0690607950091362,
  "Ethiopia": 0.16943655908107758,
  "Fiji": 0.09051064401865005,
  "Finland": 0.103213831782341,
  "France": 0.04758286476135254,
  "Gabon": 0.1145096942782402,
  "Georgia": 0.1525161862373352,
  "Germany": 0.04793766140937805,
  "Ghana": 0.1888657659292221,
  "Greece": 0.044429294764995575,
  "Guatemala": 0.16341441869735718,
  "Guinea": 0.13161101937294006,
  "Guyana": 0.09797967225313187,
  "Honduras": 0.14823275804519653,
  "Hungary": 0.14546366035938263,
  "Iceland": 0.20075422525405884,
  "India": 0.04699958115816116,
  "Indonesia": 0.12004289776086807,
  "Iran": 0.1241423487663269,
  "Iraq": 0.060148075222969055,
  "Ireland": 0.12042666971683502,
  "Israel": 0.10737161338329315,
  "Italy": 0.03446321189403534,
  "Jamaica": 0.19628912210464478,
  "Japan": 0.05672202259302139,
  "Jordan": 0.011723510921001434,
  "Kazakhstan": 0.18816180527210236,
  "Kenya": 0.34698373079299927,
  "South Korea": 0.07386882603168488,
  "Kuwait": 0.06009819358587265,
  "Latvia": 0.11532913893461227,
  "Lebanon": 0.7627938985824585,
  "Lesotho": 0.15189816057682037,
  "Libya": 0.03117450326681137,
  "Lithuania": 0.15231753885746002,
  "Luxembourg": 0.24237582087516785,
  "Madagascar": 0.16009752452373505,
  "Malawi": 0.27572309970855713,
  "Malaysia": 0.24320131540298462,
  "Maldives": 0.07425708323717117,
  "Mali": 0.18073557317256927,
  "Malta": 0.17762920260429382,
  "Mauritania": 0.29817476868629456,
  "Mauritius": -0.05963209271430969,
  "Mexico": 0.11783017218112946,
  "Moldova": 0.10045851022005081,
  "Mongolia": 0.08466897904872894,
  "Montenegro": 0.382994145154953,
  "Morocco": 0.06766653060913086,
  "Mozambique": 0.22889772057533264,
  "Namibia": 0.1356581151485443,
  "Nepal": 0.19317477941513062,
  "Netherlands": 0.23975810408592224,
  "New Zealand": 0.1898326873779297,
  "Nicaragua": 0.09423740953207016,
  "Niger": 0.053607016801834106,
  "Nigeria": 0.16024938225746155,
  "Macedonia": 0.022501379251480103,
  "Norway": 0.10682129859924316,
  "Oman": 0.11890193074941635,
  "Pakistan": 0.2007533758878708,
  "Panama": 0.03883609175682068,
  "Papua New Guinea": 0.3164077699184418,
  "Paraguay": 0.2408730685710907,
  "Peru": 0.1996486783027649,
  "Philippines": 0.5007455348968506,
  "Poland": 0.15398293733596802,
  "Portugal": 0.20371145009994507,
  "Qatar": 0.3590385317802429,
  "Romania": 0.13610149919986725,
  "Russia": 0.4520712196826935,
  "Rwanda": 0.2598760724067688,
  "Samoa": 0.20639532804489136,
  "Sao Tome and Principe": 0.1896723061800003,
  "Saudi Arabia": 0.37397342920303345,
  "Senegal": 0.1812092661857605,
  "Serbia": 0.09623663127422333,
  "Sierra Leone": 0.2809930741786957,
  "Singapore": 0.2702676057815552,
  "Slovakia": 0.12265554070472717,
  "Slovenia": 0.17712225019931793,
  "Solomon Islands": 0.10521350800991058,
  "South Africa": 0.5165570974349976,
  "Spain": 0.4537176191806793,
  "Sri Lanka": 0.2776890993118286,
  "Sudan": 0.19754299521446228,
  "Suriname": 0.21402913331985474,
  "Sweden": 0.04072017967700958,
  "Switzerland": 0.13069932162761688,
  "Syria": 0.3889367878437042,
  "Tajikistan": 0.10254727303981781,
  "Tanzania": 0.19488589465618134,
  "Thailand": 0.3430931568145752,
  "Togo": 0.03886424005031586,
  "Tonga": 0.213894784450531,
  "Trinidad and Tobago": 0.08595896512269974,
  "Tunisia": -0.018763452768325806,
  "Turkey": 0.032886773347854614,
  "Turkmenistan": 0.20189329981803894,
  "Uganda": 0.09634700417518616,
  "Ukraine": 0.006852000951766968,
  "United Arab Emirates": 0.12197120487689972,
  "United Kingdom": 0.05688118189573288,
  "Uruguay": -0.02011297643184662,
  "Uzbekistan": 0.2708219289779663,
  "Vanuatu": 0.1339370608329773,
  "Venezuela": 0.10676391422748566,
  "Vietnam": 0.7448163032531738,
  "Yemen": 0.04797656834125519,
  "Zambia": 0.2365926057100296,
  "Zimbabwe": 0.2810506820678711,
  "Cape Verde": 0.3903355300426483,
  "East Timor": 0.16269242763519287,
  "United States": 0.0633942112326622,
  "mean": 0.14990308775675076
}