{
  "r2": 0.6234216246171929,
  "slope": 0.012711964701574638,
  "intercept": -25.121754860483406,
  "rawR2": {
    "GDP": 0.9434489938753319,
    "unemployment": 0.5203489429396999,
    "HDI": 0.9467470977335274,
    "le": 0.913423018335595,
    "psi": 0,
    "energy": 0.41656169481900296
  }
}